resnr,restype,reschain,resnr_l,restype_l,reschain_l,sidechain,distance_ah,distance_ad,angle,type,protisdon,d_orig_idx,a_orig_idx,h
143,GLY,A,401,4WI,A,False,2.90698744407333,3.58404422405751,126.77461292651628,strong,True,1108,4703,6180
145,CYS,A,401,4WI,A,False,2.0704576788719917,2.938046289628535,145.97787030091988,strong,True,1118,4703,6188
1,SER,B,401,4WI,A,False,3.472654604189711,3.9833179637081435,112.97168808623668,strong,True,2337,4704,7377
166,GLU,A,401,4WI,A,True,3.0957541892081806,3.8911798981799843,143.7471529443969,strong,True,1292,4708,6337
166,GLU,A,401,4WI,A,False,1.9207097646443096,2.8797709978399317,164.07734443280634,strong,True,1284,4710,6331
190,THR,A,401,4WI,A,False,3.248132694333776,3.7405344537913296,112.75603008297786,strong,True,1469,4711,6500
140,PHE,A,401,4WI,A,False,2.8461695311418125,3.3486158334452156,112.48642615662712,strong,False,4704,1084,9699
164,HIS,A,401,4WI,A,False,1.8465505679509557,2.824333726739813,171.64470019863708,strong,False,4706,1269,9700
166,GLU,A,401,4WI,A,False,1.8544166198564977,2.8302625319923944,170.73058661506397,strong,False,4707,1287,9701
166,GLU,A,401,4WI,A,True,2.2801723619060033,3.144353192629606,145.9207902711238,strong,False,4704,1292,9699
1,SER,B,401,4WI,A,False,3.092551212187116,3.9833179637081435,151.15686765441254,strong,False,4704,2337,9699
