RESNR,RESTYPE,RESCHAIN,RESNR_LIG,RESTYPE_LIG,RESCHAIN_LIG,PROT_IDX_LIST,CENTDIST,ANGLE,OFFSET,TYPE,LIG_IDX_LIST,LIGCOO,PROTCOO
90,TRP,B,201,DL3,B,"730,732,733,734,735,736",5.20,81.29,1.64,T,"1245,1246,1247,1248,1249,1250","(-34.89133333333333, 5.322500000000001, -4.802)","(-33.71166666666667, 1.3063333333333336, -7.880166666666668)"
