resnr,restype,reschain,resnr_l,restype_l,reschain_l,sidechain,distance_ah,distance_ad,angle,type,protisdon,d_orig_idx,a_orig_idx,h
149,TYR,B,201,DL3,B,True,1.6294434632720454,2.563837163315954,174.35003968760924,strong,True,1217,1243,2708
61,ARG,B,201,DL3,B,True,2.0189903417302397,2.9615315294624156,159.4000498802659,strong,True,485,1252,1966
61,ARG,B,201,DL3,B,True,2.7198297740851363,3.192273327896595,109.88239460112713,strong,True,485,1253,1966
78,GLN,B,201,DL3,B,True,2.360112921027296,3.0313856567583084,124.75886067849366,strong,True,629,1253,2105
88,GLU,B,201,DL3,B,True,2.206745340994289,3.169241076346197,165.55443323467114,strong,False,1231,712,2724
